Video,BernoulliNB,GaussianNB,SVM Linear,SVM RBF,SVM Poly,Logistic,DecisionTree,RandomForest,1-NN,3-NN,5-NN
01-9bZkp7q19f0,0.6793662205,0.7062046123,0.8315218406,0.7937253933,0.7233176382,0.8680790595,0.3063358324,0.6244223969,0.4552001837,0.5360877067,0.4842742776
04-CevxZvSJLk8,0.6226415094,0.6646501538,0.7201931414,0.6244223969,0.7613869876,0.7201931414,0.377425678,0.6622661785,0.4444009035,0.2876982278,0.2607835276
07-KQ6zr6kCPj8,0.3252401862,0.3722073801,0.5281977243,0.6727367968,0.4943006149,0.5622217365,0.4851503668,0.6059117127,0.4050402072,0.4382430621,0.4107627263
08-uelHwf8o7_U,0.3245035222,0.4463959834,0.504985202,0.6111708291,0.5843092887,0.504985202,0.3788353737,0.6401970085,0.2573556723,0.1979890978,0.4357933755
09-pRpeEdMmmQ0,0.5217577076,0.6616644226,0.7312314499,0.7133720163,0.6511723889,0.7312314499,0.5158230599,0.7860115006,0.659516982,0.5419169233,0.5173369434
