Video,BernoulliNB,GaussianNB,SVM Linear,SVM RBF,SVM Poly,Logistic,DecisionTree,RandomForest,1-NN,3-NN,5-NN
01-9bZkp7q19f0,0.4906533815,0.5291502622,0.7613869876,0.8514850867,0.6981132075,0.7613869876,0.4157609203,0.660848048,0.3446278115,0.4212656985,0.3892494721
04-CevxZvSJLk8,0.5127301186,0.5329708913,0.6646501538,0.749307543,0.6793662205,0.644383337,0.4243342124,0.6126716649,0.4212656985,0.3716925839,0.4352034887
07-KQ6zr6kCPj8,0.2388984193,0.3976721329,0.6499830511,0.7141735572,0.5129936049,0.6652297298,0.5814713732,0.5482505289,0.451396906,0.5312496059,0.4665492475
08-uelHwf8o7_U,0.2343017882,0.5613138598,0.6111708291,0.6289937945,0.6390424585,0.3520104825,0.4060049676,0.6853104583,0.2573556723,0.1908194427,0.5196578228
09-pRpeEdMmmQ0,0.5885926147,0.5793542623,0.7550367765,0.7192196994,0.7257854194,0.7317465188,0.571383411,0.6870814522,0.5528041387,0.5877684929,0.6090710815
