Video,BernoulliNB,GaussianNB,SVM Linear,SVM RBF,SVM Poly,Logistic,DecisionTree,RandomForest,1-NN,3-NN,5-NN
01-9bZkp7q19f0,0.5487348336,0.5127301186,0.7379537418,0.7026301626,0.6803360514,0.7379537418,0.3396831102,0.6793662205,0.4281744193,0.4108181191,0.4977957277
04-CevxZvSJLk8,0.5673202597,0.6617241025,0.66803139,0.6622661785,0.6803360514,0.6471789395,0.2297518743,0.6822882392,0.3871107225,0.415617559,0.3585685828
07-KQ6zr6kCPj8,0.2363982266,0.3524752101,0.6049791338,0.5918053377,0.4964723886,0.5724034734,0.4189114472,0.5940462541,0.4818748557,0.4680739771,0.4405292675
08-uelHwf8o7_U,0.3363277218,0.4829709994,0.569360644,0.5528014422,0.6100289955,0.5549810271,0.3356155057,0.551395658,0.26318063,0.2373104782,0.5073013319
09-pRpeEdMmmQ0,0.3904914995,0.659516982,0.7389151429,0.7355809984,0.7432220178,0.7747723769,0.4443735782,0.6237412094,0.6607777427,0.5363965802,0.5586963064
