Video,MultinomialNB,BernoulliNB,GaussianNB,SVM Linear,SVM RBF,SVM Poly,Logistic,DecisionTree,RandomForest,1-NN,3-NN,5-NN
01-PSY-9bZkp7q19f0,0.80639820512125726,0.86303684779188561,0.7055825138799835,0.92187682494628675,0.86371687955739052,0.80899295480269651,0.90198941112598729,0.82472455024176716,0.84297578058269673,0.72462421403731181,0.78465110736900334,0.76412282259738629
04-KatyPerry-CevxZvSJLk8,0.72745664993406656,0.80626299928100553,0.67517503786733135,0.8139807292365705,0.811514772898284,0.61021579787341074,0.85251666371583679,0.79165813556766718,0.84979717874039251,0.60256667619378235,0.66803134798165031,0.61486683476163673
07-LMFAO-KQ6zr6kCPj8,0.93764396301207897,0.88394935354200543,0.75820790490019307,0.90984948588023074,0.88394935354200543,0.55475964852230031,0.88394935354200543,0.88394935354200566,0.81560860178418226,0.61607910734741556,0.57280171329802976,0.57280171329802976
08-rotulada-tratada-embaralhada,0.74486512751303502,0.89714363717389189,0.82256727106230521,0.94116357921208416,0.94116357921208416,0.90122245188973582,0.89637762862676462,0.92603160667251883,0.91110623353819198,0.73640569125075306,0.785679769507029,0.83572503645633311
09-Shakira-pRpeEdMmmQ0,0.89506433790328821,0.95827067669172927,0.89504688890032946,0.79777167189942466,0.79777167189942466,0.63709308610031523,0.79777167189942466,0.752654958584695,0.77745790205880982,0.56035275970678133,0.51936195673659369,0.4994514534826836
