Video,MultinomialNB,BernoulliNB,GaussianNB,SVM Linear,SVM RBF,SVM Poly,Logistic,DecisionTree,RandomForest,1-NN,3-NN,5-NN
01-9bZkp7q19f0,0.86931828792122334,0.87181275011573955,0.77859018012685866,0.90971765229468482,0.92518726726046774,0.82072427918321034,0.90711473522214625,0.88932886831510205,0.83752568638956915,0.79372539331937753,0.83033649170603685,0.7825510568956191
04-CevxZvSJLk8,0.83033649170603696,0.84242353917423096,0.71710878829157743,0.83752568638956892,0.8375256863895687,0.61649620239508962,0.85455019770021057,0.70263016255350697,0.89253020648688641,0.62186841207090593,0.70820052782817078,0.61369648575120217
07-KQ6zr6kCPj8,0.81933700310039514,0.95543294514898014,0.88568945193356674,0.95543294514898014,0.93961902043537682,0.75937225706780487,0.92502861806130776,0.95444636812057582,0.85217916826981699,0.78908889750355649,0.74720937176067892,0.78511218247769432
08-uelHwf8o7_U,0.78310298184472515,0.89578117106661326,0.83138035226111273,0.92647891669811466,0.940776260409529,0.90122245188973338,0.940776260409529,0.91094191811324376,0.92544329322904351,0.74763050808861198,0.81944993507130193,0.83672640090658346
09-pRpeEdMmmQ0,0.93101321585035224,0.91452337856159238,0.88234407882998012,0.87555022497712387,0.87555022497712387,0.75607348770931693,0.87555022497712387,0.92836584585865045,0.91373172232190636,0.81726649772389892,0.81726649772389881,0.66729530109834168
