Video,BernoulliNB,GaussianNB,SVM Linear,SVM RBF,SVM Poly,Logistic,DecisionTree,RandomForest,1-NN,3-NN,5-NN
01-9bZkp7q19f0,0.8693182879,0.9435641951,0.8693182879,0.8893288683,0.8588975015,0.8693182879,0.6603773585,0.8545501977,0.9813067629,0.9251872673,0.9097176523
04-CevxZvSJLk8,0.6646501538,0.6230853024,0.8315218406,0.8874245217,0.7715167498,0.8496617761,0.4389920563,0.7613869876,0.7108815152,0.7021094975,0.6467616668
07-KQ6zr6kCPj8,0.683783193,0.6972116339,0.838422353,0.8053446496,0.8156289104,0.8521791683,0.5756756084,0.7545954545,0.7944240283,0.8156289104,0.8461456384
08-uelHwf8o7_U,0.8204090942,0.866904545,0.8803721755,0.8803721755,0.8879662923,0.8653216561,0.6443122311,0.866904545,0.7821473053,0.7645104121,0.746003627
09-pRpeEdMmmQ0,0.8952418676,0.7860115006,0.9641829229,0.946477375,0.8646830117,0.9641829229,0.803604792,0.9647354594,0.7410684111,0.7410684111,0.7261603391
