Video,BernoulliNB,GaussianNB,SVM Linear,SVM RBF,SVM Poly,Logistic,DecisionTree,RandomForest,1-NN,3-NN,5-NN
01-9bZkp7q19f0,0.5153385009,0.6226415094,0.6416236527,0.7548513561,0.7363735392,0.6603773585,0.3587460832,0.6038810849,0.4842742776,0.3760349343,0.2876982278
04-CevxZvSJLk8,0.3216721439,0.6091095901,0.6416236527,0.6852482889,0.7548513561,0.6230853024,0.2653343153,0.5291502622,0.5976143047,0.4931969619,0.3508232077
07-KQ6zr6kCPj8,0.6016985118,0.7102009319,0.7122311051,0.7454108632,0.7765089144,0.7268726391,0.4803010018,0.725698453,0.7102074866,0.5905810201,0.5155442199
08-uelHwf8o7_U,0.5382669195,0.6856467542,0.7026093906,0.7736870616,0.7455078883,0.7026093906,0.3689838407,0.6865050296,0.4747904592,0.4090456422,0.3365984366
09-pRpeEdMmmQ0,0.4277604087,0.7355809984,0.8567316917,0.8584020781,0.8282067416,0.8925487688,0.4079049104,0.780327899,0.5889847427,0.4107049952,0.2706740465
