Video,BernoulliNB,GaussianNB,SVM Linear,SVM RBF,SVM Poly,Logistic,DecisionTree,RandomForest,1-NN,3-NN,5-NN
01-9bZkp7q19f0,0.6986107936,0.6986107936,0.7937253933,0.8113207547,0.7443778346,0.7937253933,0.4730472704,0.7580980436,0.4707565418,0.4913538149,0.6091095901
04-CevxZvSJLk8,0.4342715744,0.4535573676,0.4927637283,0.6471789395,0.6392420465,0.5669467095,0.2680438534,0.5669467095,0.2635231383,0.2705008904,0.3698977214
07-KQ6zr6kCPj8,0.4069704734,0.3781191191,0.6935619987,0.7031586047,0.6178333377,0.7067651813,0.4673050609,0.6178333377,0.5496890699,0.6354009417,0.5890903877
08-uelHwf8o7_U,0.3564269901,0.4614378275,0.7460660178,0.8204090942,0.6976245722,0.731493522,0.398282047,0.6856010044,0.4256385397,0.1739005624,0.5350600521
09-pRpeEdMmmQ0,0.595486207,0.6049936829,0.7159980937,0.7850975376,0.7355809984,0.7851901429,0.4809870453,0.875550225,0.6956866424,0.5728728503,0.5728728503
