Video,SVM Linear 0.3 + SS 0.4,SVM Linear 0.4 + SS 0.3,SVM Linear 0.5 + SS 0.2,SVM Linear 0.6 + SS 0.1
01-PSY-9bZkp7q19f0,0.74176165714175868,0.92175856929955347,0.9245038826574643,0.92125024972320557
04-KatyPerry-CevxZvSJLk8,0.76961058093724377,0.79256128763717582,0.80811438205188002,0.85710511030622227
07-LMFAO-KQ6zr6kCPj8,0.47595769497021245,0.40295048628869096,0.32235055573706806,0.5339618937557522
08-rotulada-tratada-embaralhada,0.8085825325872833,0.8143347967555592,0.88250297200699634,0.91095226770626558
09-Shakira-pRpeEdMmmQ0,0.25343881399022489,0.2987820062136054,0.70997488518922003,0.83057323107229808
