Video,SVM Linear 0.3 + SS 0.4,SVM Linear 0.4 + SS 0.3,SVM Linear 0.5 + SS 0.2,SVM Linear 0.6 + SS 0.1
01-PSY-9bZkp7q19f0,0.77093907735830214,0.92174234034699121,0.90198941112598729,0.92187682494628675
04-KatyPerry-CevxZvSJLk8,0.75766504093499365,0.81774047794842619,0.79635121354535454,0.87019253274247754
07-LMFAO-KQ6zr6kCPj8,0.46940871818573782,0.40237390808147833,0.74099144595694644,0.81560860178418204
08-rotulada-tratada-embaralhada,0.89721082511899253,0.92603160667251883,0.89637762862676462,0.91110623353819198
09-Shakira-pRpeEdMmmQ0,0.53964355854456214,0.68476238326232441,0.79189624576313622,0.79777167189942466
