Video,BernoulliNB,GaussianNB,SVM Linear,SVM RBF,SVM Poly,Logistic,DecisionTree,RandomForest,1-NN,3-NN,5-NN
01-9bZkp7q19f0,0.9058216273,0.8874245217,0.8514850867,0.9071147352,0.9097176523,0.8514850867,0.6425396041,0.8496617761,0.9271726499,0.9449111825,0.9449111825
04-CevxZvSJLk8,0.6091095901,0.5669467095,0.8339078479,0.8514850867,0.8925302065,0.8514850867,0.3608100835,0.7580980436,0.7006490497,0.7475450016,0.739573997
07-KQ6zr6kCPj8,0.5893368733,0.7773810875,0.8357350137,0.8825730213,0.8248458362,0.8521791683,0.683783193,0.8338156368,0.8217853152,0.838422353,0.8688266801
08-uelHwf8o7_U,0.8205582632,0.7761068785,0.8504159291,0.8804227641,0.8512732335,0.8504159291,0.6145238232,0.8356466817,0.811916092,0.8194499351,0.8243243243
09-pRpeEdMmmQ0,0.8217828488,0.6969140255,0.9641829229,0.9310132159,0.9137317223,0.9290968936,0.7691865911,0.946477375,0.7711856584,0.7410684111,0.7410684111
